timestamp,rigid_body_id,pos_x,pos_y,pos_z,quat_x,quat_y,quat_z,quat_w
0.01930380007252097,2,-0.7081217169761658,0.14500869810581207,-0.021157581359148026,-0.000161640826263465,0.001027015969157219,0.0014177802950143814,0.9999984502792358
0.01961360010318458,1,0.2500142455101013,0.08023751527070999,-0.08614808320999146,-0.0005648888181895018,0.0005361494841054082,0.0006773125496692955,0.9999995231628418
0.02069990010932088,2,-0.7080997228622437,0.14498932659626007,-0.021171623840928078,-0.00011099906987510622,0.0010114695178344846,0.0012601306661963463,0.9999986886978149
0.021124999970197678,1,0.25001540780067444,0.08026958256959915,-0.08612679690122604,-0.0005744788213633001,0.0005679030437022448,0.0008066573645919561,0.9999994039535522
0.01913790008984506,2,-0.70809406042099,0.14498208463191986,-0.021171847358345985,-0.0001198534228024073,0.001394469290971756,0.001285428530536592,0.9999982118606567
0.0194435000885278,1,0.25010043382644653,0.08028862625360489,-0.08609741181135178,-0.0006651111762039363,0.000559348554816097,0.0008384332759305835,0.9999992847442627
0.020722900051623583,2,-0.7080907225608826,0.1449403166770935,-0.021186182275414467,-9.69747852650471e-05,0.0011384502286091447,0.0012555610155686736,0.9999985694885254
0.02102570002898574,1,0.25003543496131897,0.0802772045135498,-0.08611728996038437,-0.0005963578587397933,0.0005612237146124244,0.0007427223608829081,0.9999994039535522
0.01915109995752573,2,-0.7081016898155212,0.1449706107378006,-0.021159043535590172,-0.00010901191126322374,0.00098844722378999,0.0013074071612209082,0.9999986886978149
0.019466199912130833,1,0.25000739097595215,0.08025781065225601,-0.08613404631614685,-0.00048528198385611176,0.0006617605104111135,0.0007565368432551622,0.9999994039535522
0.019829200115054846,2,-0.7081018686294556,0.14502067863941193,-0.02115834876894951,-8.863244147505611e-05,0.0011846510460600257,0.0014724747743457556,0.9999982118606567
0.020149399992078543,1,0.2500688433647156,0.08022956550121307,-0.08613431453704834,-0.0005406700656749308,0.0006207613041624427,0.0006606808165088296,0.9999995231628418
0.018745899898931384,2,-0.7080810070037842,0.14496079087257385,-0.021181466057896614,-0.00016980910731945187,0.001449456438422203,0.0010846290970221162,0.9999983310699463
0.019093200098723173,1,0.25004494190216064,0.08032859861850739,-0.08610960096120834,-0.0005360511131584644,0.0006205710815265775,0.0007402407936751842,0.9999994039535522
0.024006799794733524,2,-0.7081063985824585,0.14497892558574677,-0.021174965426325798,-0.00015626642561983317,0.0012034617830067873,0.0013479676563292742,0.9999983310699463
0.024367399979382753,1,0.25003930926322937,0.08029835671186447,-0.0860883817076683,-0.0005358923808671534,0.0006062287138774991,0.0007596634677611291,0.9999994039535522
0.016947999829426408,2,-0.7080965042114258,0.14498008787631989,-0.02116589993238449,-0.00021005856979172677,0.001081062713637948,0.0012278063222765923,0.9999986886978149
0.017240599961951375,1,0.2500324547290802,0.08023759722709656,-0.08616387844085693,-0.0003970473480876535,0.0005344166420400143,0.0007026249077171087,0.9999995231628418
0.019108599983155727,2,-0.7080875039100647,0.14501328766345978,-0.021155470982193947,-0.00017132211360149086,0.0011215991107746959,0.00138848926872015,0.9999984502792358
0.019670899957418442,1,0.2500491142272949,0.08023235201835632,-0.08615187555551529,-0.0004283632442820817,0.000589311181101948,0.0006512143299914896,0.9999995231628418
0.019426400074735284,2,-0.7080892324447632,0.14497028291225433,-0.021177561953663826,-0.00012784337741322815,0.0011907031293958426,0.0012777234660461545,0.9999984502792358
0.019780500093474984,1,0.250029981136322,0.08028767257928848,-0.08611828088760376,-0.0005571914371103048,0.0006126059452071786,0.0005304162623360753,0.9999995231628418
0.021630699979141355,2,-0.7080761194229126,0.14494305849075317,-0.02118045650422573,-0.00013095721078570932,0.0013066078536212444,0.001257358118891716,0.9999983310699463
0.02208149991929531,1,0.2500472962856293,0.08031507581472397,-0.08608627319335938,-0.0004807827062904835,0.0006286713178269565,0.0006204653182066977,0.9999995231628418
0.01689619990065694,2,-0.708098828792572,0.14501138031482697,-0.021155070513486862,-0.00016769433568697423,0.0012951240641996264,0.0015226710820570588,0.9999979734420776
0.017257299972698092,1,0.25011375546455383,0.08024415373802185,-0.08609966933727264,-0.0004926806432195008,0.0006057246355339885,0.0007663471042178571,0.9999994039535522
0.020620400086045265,2,-0.7080936431884766,0.1449870616197586,-0.021171964704990387,-0.00012140721082687378,0.0009849535999819636,0.001256386050954461,0.9999986886978149
0.02099450002424419,1,0.25000181794166565,0.08024939894676208,-0.08616051077842712,-0.0004044190573040396,0.0005706176743842661,0.000710049644112587,0.9999995231628418
0.018633499974384904,2,-0.7080912590026855,0.14496803283691406,-0.02118195965886116,-0.00010068471601698548,0.0010939174098894,0.0013215385843068361,0.9999985694885254
0.0189493999350816,1,0.2500206232070923,0.08024667948484421,-0.08613765239715576,-0.00046806904720142484,0.0006571503472514451,0.0007401154725812376,0.9999994039535522
0.023361900122836232,2,-0.7080816030502319,0.14497293531894684,-0.021176012232899666,-0.00015282726963050663,0.0014096556697040796,0.001309653976932168,0.9999982118606567
0.023949400056153536,1,0.2501216530799866,0.0802726224064827,-0.08610722422599792,-0.0003534526622388512,0.0007635380607098341,0.0007006157538853586,0.9999994039535522
0.018506400054320693,2,-0.708087146282196,0.14499981701374054,-0.021165264770388603,-0.0001304665784118697,0.0010309277568012476,0.0013671478955075145,0.9999985694885254
0.019012599950656295,1,0.2500838339328766,0.080299973487854,-0.08608169853687286,-0.0005284542567096651,0.0006497539579868317,0.0006605995586141944,0.9999994039535522
0.018009799998253584,2,-0.7081146836280823,0.14500053226947784,-0.02117210254073143,-6.852295337012038e-05,0.0009621285717003047,0.001385556417517364,0.9999985694885254
0.018595000030472875,1,0.25001850724220276,0.08024712651968002,-0.08613574504852295,-0.0005518801044672728,0.0005173003883101046,0.0006647487753070891,0.9999995231628418
0.01938359998166561,2,-0.708092212677002,0.1449378877878189,-0.02118833363056183,-0.00011334611190250143,0.001240749261341989,0.0011167204938828945,0.9999986886978149
0.019857000093907118,1,0.25003284215927124,0.08023476600646973,-0.08617764711380005,-0.0003642145893536508,0.0004983223625458777,0.0005804664106108248,0.9999996423721313
0.019588900031521916,2,-0.7081162929534912,0.1449929028749466,-0.021173927932977676,-0.00014671508688479662,0.0014523993013426661,0.0014309297548606992,0.9999979734420776
0.020156299928203225,1,0.25009819865226746,0.08025071769952774,-0.08611737936735153,-0.0005672891857102513,0.0005939085967838764,0.000735489884391427,0.9999994039535522
0.019638400059193373,2,-0.7081125974655151,0.14497211575508118,-0.02118041180074215,-0.00011975540110142902,0.0011247328948229551,0.0012617785250768065,0.9999985694885254
0.020030800020322204,1,0.2500142455101013,0.08030999451875687,-0.086117222905159,-0.0005143425078131258,0.0006193336448632181,0.0006490967352874577,0.9999995231628418
0.01889629987999797,2,-0.7080970406532288,0.14499466121196747,-0.021166598424315453,-0.00013533919991459697,0.0014491640031337738,0.0013124911347404122,0.9999980926513672
0.019334800075739622,1,0.2500498592853546,0.0802738144993782,-0.08613470941781998,-0.0005841052043251693,0.000557155639398843,0.0006529345409944654,0.9999995231628418
0.02044619992375374,2,-0.7081204652786255,0.14491596817970276,-0.021188288927078247,-0.00013540987856686115,0.001387004740536213,0.0011467623990029097,0.9999984502792358
0.020957799861207604,1,0.2500535547733307,0.08022022247314453,-0.08616160601377487,-0.0004987135762348771,0.0006160789635032415,0.0008389673894271255,0.9999994039535522
0.02108189999125898,2,-0.7080993056297302,0.14493732154369354,-0.02118387073278427,-0.00015424906450789422,0.001216547447256744,0.0012000014539808035,0.9999985694885254
0.0218448000960052,1,0.25003546476364136,0.08024787157773972,-0.08614544570446014,-0.0005925288423895836,0.0005921230185776949,0.0006692059687338769,0.9999994039535522
0.017570799915120006,2,-0.7081112861633301,0.14501214027404785,-0.021163510158658028,-0.00016196070646401495,0.0010810522362589836,0.0014274573186412454,0.9999984502792358
0.01791379996575415,1,0.2500741183757782,0.08027490228414536,-0.08611100167036057,-0.0006071672542020679,0.000639073143247515,0.0006672012968920171,0.9999994039535522
0.018442600034177303,2,-0.7080355882644653,0.14496423304080963,-0.021159129217267036,-0.0001518434437457472,0.0009081325260922313,0.0006667970446869731,0.9999994039535522
0.01897029997780919,1,0.2501446306705475,0.0802949070930481,-0.08612790703773499,-0.0005852520116604865,0.0007588472217321396,0.0007620809483341873,0.9999992847442627
0.02024889993481338,2,-0.708107590675354,0.14495739340782166,-0.021175509318709373,-9.365901496494189e-05,0.0012394627556204796,0.0013381990138441324,0.9999983310699463
0.020671000005677342,1,0.25007253885269165,0.080234594643116,-0.08612320572137833,-0.0006114552379585803,0.0006469323416240513,0.0006344719440676272,0.9999994039535522
0.019182899966835976,2,-0.7081286907196045,0.1448974758386612,-0.021183568984270096,-0.00017356910393573344,0.0011246020440012217,0.0010659195249900222,0.9999988079071045
0.01965230004861951,1,0.24998824298381805,0.08022940903902054,-0.08616887032985687,-0.00041594859794713557,0.0006345975561998785,0.0006098501617088914,0.9999995231628418
0.019393699942156672,2,-0.7080618739128113,0.14495398104190826,-0.021164579316973686,-0.00012270214210730046,0.0009639962809160352,0.0005946711171418428,0.9999994039535522
0.019677700009196997,1,0.2501092553138733,0.08026155084371567,-0.0861479714512825,-0.00046703137923032045,0.0006870349170640111,0.0006641263025812805,0.9999995231628418
0.01915730000473559,2,-0.7080962657928467,0.14502912759780884,-0.021158209070563316,-0.0001203478459501639,0.0013412031112238765,0.0013560677180066705,0.9999982118606567
0.019506199983879924,1,0.25010916590690613,0.08029421418905258,-0.08610556274652481,-0.0006835475796833634,0.0007079496863298118,0.0007264512241818011,0.9999992847442627
0.019449499901384115,2,-0.7080948948860168,0.14491449296474457,-0.021193852648139,-0.00010707346518756822,0.0012109894305467606,0.0011497603263705969,0.9999986886978149
0.01973329996690154,1,0.2500048279762268,0.08028214424848557,-0.08611118793487549,-0.0006724814884364605,0.0006283562397584319,0.0006211186409927905,0.9999994039535522
0.020455799996852875,2,-0.7081043124198914,0.14496779441833496,-0.021149106323719025,-0.00021315763297025114,0.0013311951188370585,0.00126350624486804,0.9999983310699463
0.021052199881523848,1,0.2500336766242981,0.08022785186767578,-0.0861576572060585,-0.0005170825170353055,0.0005674227722920477,0.0005792540032416582,0.9999995231628418
0.020217600045725703,2,-0.7080882787704468,0.14498895406723022,-0.021162433549761772,-0.00024339038645848632,0.001107348594814539,0.0011212658137083054,0.9999988079071045
0.020595200126990676,1,0.25002744793891907,0.08026489615440369,-0.0861857458949089,-0.0004010643169749528,0.0005808635614812374,0.0005701517220586538,0.9999996423721313
0.019114899914711714,2,-0.7081107497215271,0.1449754536151886,-0.021167544648051262,-0.00027658577891997993,0.0010854974389076233,0.0013293445808812976,0.9999985694885254
0.019419899908825755,1,0.25004732608795166,0.08028817176818848,-0.0860942080616951,-0.000681813748087734,0.000618311925791204,0.0006130718975327909,0.9999994039535522
0.01971290004439652,2,-0.7081032395362854,0.14495442807674408,-0.02118251472711563,-0.0001741215819492936,0.0011755779851227999,0.001297530485317111,0.9999984502792358
0.020093100145459175,1,0.25006067752838135,0.08026961237192154,-0.08610310405492783,-0.0006244763499125838,0.0006412482471205294,0.0006978319142945111,0.9999994039535522
0.020365299889817834,2,-0.70807945728302,0.1449670046567917,-0.021161949262022972,-0.00024494092212989926,0.0014039176749065518,0.0009826815221458673,0.9999985694885254
0.02094539999961853,1,0.25005805492401123,0.0802622064948082,-0.0861608013510704,-0.0005381233058869839,0.000526251969859004,0.0006635211175307631,0.9999995231628418
0.018304599914699793,2,-0.7081267833709717,0.14503233134746552,-0.021152231842279434,-0.00014344244846142828,0.00101542379707098,0.0013646096922457218,0.9999985694885254
0.018655499909073114,1,0.2500305771827698,0.08023469150066376,-0.08615934103727341,-0.0005809461581520736,0.0005763731896877289,0.0006497215945273638,0.9999995231628418
0.019490400096401572,2,-0.708105206489563,0.14495103061199188,-0.02117336168885231,-0.00019588878785725683,0.0009845048189163208,0.0011743215145543218,0.9999988079071045
0.01994089991785586,1,0.25001901388168335,0.0802656039595604,-0.08613061904907227,-0.0006589487311430275,0.0005470375763252378,0.0005710000405088067,0.9999995231628418
0.02101870020851493,2,-0.7080827355384827,0.14498981833457947,-0.021153973415493965,-0.00030076445546001196,0.0015539658488705754,0.001216404722072184,0.9999980926513672
0.021515300031751394,1,0.2501251697540283,0.08027797192335129,-0.08611276745796204,-0.0005777578917331994,0.0007158903172239661,0.0007116894703358412,0.9999994039535522
0.018659000052139163,2,-0.7080939412117004,0.14497874677181244,-0.021165089681744576,-0.00029227713821455836,0.0012784491991624236,0.0010486956452950835,0.9999985694885254
0.019190800143405795,1,0.2500429153442383,0.08031315356492996,-0.086130790412426,-0.0005511982599273324,0.0006458230782300234,0.0006818974507041276,0.9999994039535522
0.02011119993403554,2,-0.7081196904182434,0.14497947692871094,-0.02116476744413376,-0.000140629374072887,0.0009179763728752732,0.0012627122923731804,0.9999988079071045
0.020591399865224957,1,0.24997763335704803,0.08026646077632904,-0.08613806962966919,-0.0005778784397989511,0.0005539217381738126,0.0006848667981103063,0.9999995231628418
0.019768300000578165,2,-0.7081131935119629,0.1450001299381256,-0.021170809864997864,-0.0001623244897928089,0.00114359799772501,0.0012794346548616886,0.9999985694885254
0.020125200040638447,1,0.2500731945037842,0.08022315800189972,-0.08615078777074814,-0.0005025792634114623,0.0006863472517579794,0.0007992275641299784,0.9999994039535522
0.01831290009431541,2,-0.7080676555633545,0.14495719969272614,-0.021171458065509796,-0.0002237957960460335,0.0013948584673926234,0.000960947189014405,0.9999985694885254
0.018710700096562505,1,0.2500845193862915,0.08032254129648209,-0.08613140881061554,-0.0005146045587025583,0.0005841185338795185,0.0007260071579366922,0.9999994039535522
0.019906299887225032,2,-0.7081170678138733,0.14501731097698212,-0.021170340478420258,-0.00014721578918397427,0.0010988599387928843,0.0013859798200428486,0.9999984502792358
0.02037169993855059,1,0.25006040930747986,0.08032049238681793,-0.08608975261449814,-0.0006314300699159503,0.0005762649816460907,0.0006171563290990889,0.9999995231628418
0.018582399934530258,2,-0.7081000804901123,0.1449638456106186,-0.021176399663090706,-0.00017039237718563527,0.0009328544256277382,0.0011829935247078538,0.999998927116394
0.019314799923449755,1,0.25000712275505066,0.08027248084545135,-0.08613833785057068,-0.0005362529191188514,0.0005475029465742409,0.0005421476671472192,0.9999996423721313
0.01912910002283752,2,-0.7080685496330261,0.14500615000724792,-0.02116142213344574,-0.00015502730093430728,0.0013283268781378865,0.0012813968351110816,0.9999983310699463
0.019417900126427412,1,0.2500644624233246,0.08026225119829178,-0.08615411818027496,-0.0005660848692059517,0.0004954153555445373,0.0007582461694255471,0.9999994039535522
0.019292599987238646,2,-0.7080866694450378,0.1450006663799286,-0.021176207810640335,-0.00018763294792734087,0.0010615576757118106,0.001182620762847364,0.9999988079071045
0.019679199904203415,1,0.25001558661460876,0.08031721413135529,-0.08612536638975143,-0.0005941137205809355,0.0006279578665271401,0.0007806256180629134,0.9999994039535522
0.01995000010356307,2,-0.7080886960029602,0.14497701823711395,-0.021192407235503197,-0.00010811667743837461,0.0007219320395961404,0.0013168143341317773,0.999998927116394
0.020322800148278475,1,0.25002026557922363,0.08032065629959106,-0.08610690385103226,-0.0007062194054014981,0.0005893605411984026,0.0007376433350145817,0.9999992847442627
0.01974949985742569,2,-0.7081016898155212,0.14503905177116394,-0.021155700087547302,-0.00021549365192186087,0.001148256123997271,0.00141215231269598,0.9999983310699463
0.020015999907627702,1,0.2500942349433899,0.08026856184005737,-0.08611324429512024,-0.0004742205492220819,0.0007512521697208285,0.000723299861419946,0.9999994039535522
0.018990400014445186,2,-0.7080802321434021,0.14498482644557953,-0.02116502821445465,-0.0002977089025080204,0.0013385973870754242,0.0010219378164038062,0.9999985694885254
0.019297299906611443,1,0.25003206729888916,0.08028905838727951,-0.08615203946828842,-0.0004554932238534093,0.0005801148363389075,0.0006671111914329231,0.9999995231628418
0.020089600002393126,2,-0.7081142663955688,0.14496749639511108,-0.021170487627387047,-0.00020850756845902652,0.0010015072766691446,0.0011658326257020235,0.9999988079071045
0.020398100139573216,1,0.2499960958957672,0.08026430755853653,-0.08613107353448868,-0.0006081753526814282,0.000549770484212786,0.0005589778884314001,0.9999995231628418
0.02075709984637797,2,-0.7081079483032227,0.14496421813964844,-0.021183572709560394,-5.841291567776352e-05,0.0009278235374949872,0.0012548558879643679,0.9999988079071045
0.021176799898967147,1,0.25003865361213684,0.08027604222297668,-0.08613564819097519,-0.0006962987827137113,0.0005609702784568071,0.0007305273902602494,0.9999994039535522
0.019882200052961707,2,-0.7080699801445007,0.14501284062862396,-0.021144557744264603,-0.00016175673226825893,0.0013585224514827132,0.0012353640049695969,0.9999983310699463
0.0202995000872761,1,0.25005629658699036,0.08031861484050751,-0.08612646907567978,-0.000613246054854244,0.0005076922243461013,0.0006482477183453739,0.9999995231628418
0.018691099947318435,2,-0.7080966830253601,0.14499233663082123,-0.021156704053282738,-0.00011910994362551719,0.0010634426726028323,0.0012280093505978584,0.9999986886978149
0.01896009990014136,1,0.2499697506427765,0.08028969168663025,-0.08613713085651398,-0.0005457365768961608,0.0005278981989249587,0.0006285855197347701,0.9999995231628418
0.019120600074529648,2,-0.7080835700035095,0.14491020143032074,-0.021181339398026466,-5.7898632803699e-05,0.0008537922403775156,0.001031390973366797,0.9999991655349731
0.019381900085136294,1,0.24994990229606628,0.08026036620140076,-0.08616732805967331,-0.0006066841306164861,0.0005592154921032488,0.0007609909516759217,0.9999994039535522
0.020799400052055717,2,-0.7080895900726318,0.14501194655895233,-0.021148333325982094,-0.00016222956764977425,0.0010587035212665796,0.0013304675230756402,0.9999985694885254
0.021178500028327107,1,0.2500361204147339,0.08029481023550034,-0.0861305296421051,-0.0006724206614308059,0.0005243081832304597,0.0006720512174069881,0.9999994039535522
0.01993179996497929,2,-0.7080863118171692,0.14500050246715546,-0.021143849939107895,-0.0002299600892001763,0.001143096131272614,0.001199064077809453,0.9999986886978149
0.020218599820509553,1,0.24999606609344482,0.0803665816783905,-0.0861152708530426,-0.0005297689931467175,0.0006145280203782022,0.0006964708445593715,0.9999994039535522
0.01881180005148053,2,-0.7080920338630676,0.14497320353984833,-0.02117033302783966,-0.00017571657372172922,0.0008854571497067809,0.0012890278594568372,0.9999988079071045
0.019095499999821186,1,0.25001558661460876,0.08031123131513596,-0.08610029518604279,-0.0006882005836814642,0.0006008318741805851,0.0006626244285143912,0.9999994039535522
0.020665400195866823,2,-0.7080404758453369,0.14495229721069336,-0.021173279732465744,-9.700895316200331e-05,0.0005293128197081387,0.0006924980552867055,0.9999996423721313
0.020977800013497472,1,0.2500624656677246,0.08024713397026062,-0.08615512400865555,-0.0005858701188117266,0.0007496082689613104,0.0006795906811021268,0.9999994039535522
0.01854560011997819,2,-0.7080632448196411,0.14499586820602417,-0.021138418465852737,-0.0001088521967176348,0.0009784209541976452,0.001021021045744419,0.9999990463256836
0.01881940010935068,1,0.25001952052116394,0.08032426983118057,-0.0861305519938469,-0.0005105044110678136,0.0006940759485587478,0.0006089998059906065,0.9999995231628418
0.01980450004339218,2,-0.7081092596054077,0.14501717686653137,-0.021143296733498573,-0.00023077591322362423,0.0010980040533468127,0.0013268871698528528,0.9999985694885254
0.020064400043338537,1,0.2500130534172058,0.0803234651684761,-0.08609194308519363,-0.0005551674985326827,0.0006566639058291912,0.0006771051557734609,0.9999994039535522
0.020422799978405237,2,-0.7081041932106018,0.14493697881698608,-0.021169520914554596,-0.00021893050870858133,0.0010871923295781016,0.0010798563016578555,0.9999988079071045
0.02079119998961687,1,0.2500488758087158,0.08027490973472595,-0.08612170070409775,-0.0005429142620414495,0.000690092914737761,0.0007236330420710146,0.9999994039535522
0.020913199987262487,2,-0.7081259489059448,0.14493751525878906,-0.021159037947654724,-0.00016835825226735324,0.0010232558706775308,0.0009764902060851455,0.9999990463256836
0.021218699868768454,1,0.25004786252975464,0.08028105646371841,-0.08615508675575256,-0.0005041933036409318,0.0007204649737104774,0.0007617261144332588,0.9999994039535522
0.018242600141093135,2,-0.7081012725830078,0.14498533308506012,-0.02113446407020092,-0.00018173526041209698,0.0009029643260873854,0.0010966170812025666,0.9999990463256836
0.018534500151872635,1,0.24994152784347534,0.08028926700353622,-0.08615633845329285,-0.0005018363590352237,0.0005618692375719547,0.000579695391934365,0.9999995231628418
0.02078410005196929,2,-0.7080942392349243,0.14496536552906036,-0.02114752121269703,-0.00017463768017478287,0.0009055559639818966,0.0012289023725315928,0.9999988079071045
0.021243099821731448,1,0.25000086426734924,0.08026643842458725,-0.08610773086547852,-0.0007228920585475862,0.0005250118556432426,0.0006932617980055511,0.9999994039535522
0.019125500228255987,2,-0.708092212677002,0.1449679285287857,-0.021179409697651863,-0.00017744337674230337,0.0010254558874294162,0.0013466211967170238,0.9999985694885254
0.019762500189244747,1,0.2500474154949188,0.08029802143573761,-0.08611533045768738,-0.0007009070250205696,0.0006729218293912709,0.0006875995895825326,0.9999992847442627
0.018826199928298593,2,-0.7080812454223633,0.14496876299381256,-0.021165981888771057,-0.00025814439868554473,0.0011497711529955268,0.0010165744461119175,0.9999988079071045
0.01913159992545843,1,0.2500031292438507,0.08033697307109833,-0.08613099157810211,-0.0005260672187432647,0.0006200417410582304,0.0006532396073453128,0.9999995231628418
0.019775599939748645,2,-0.7081025838851929,0.14500367641448975,-0.021158067509531975,-0.00017930443573277444,0.0011228893417865038,0.0013291100040078163,0.9999984502792358
0.0203702999278903,1,0.2500142455101013,0.08027971535921097,-0.08613122254610062,-0.0006089058588258922,0.0005548647022806108,0.000781303271651268,0.9999994039535522
0.019493900006636977,2,-0.7080365419387817,0.14493592083454132,-0.02117057517170906,-0.00011677022848743945,0.0006779656396247447,0.0007044789381325245,0.9999995231628418
0.019939300138503313,1,0.2500769793987274,0.0802270770072937,-0.08614449948072433,-0.0005709921242669225,0.0007223107968457043,0.000817543943412602,0.9999992847442627
0.019138599978759885,2,-0.7080661654472351,0.14497432112693787,-0.02116389572620392,-1.5195704690995626e-05,0.0011666741920635104,0.0010307719931006432,0.9999988079071045
0.019534299848601222,1,0.25003618001937866,0.08033391833305359,-0.08610887825489044,-0.0005833982722833753,0.00066584866726771,0.0006127920933067799,0.9999994039535522
0.020643900148570538,2,-0.7080879807472229,0.14500050246715546,-0.021169358864426613,-0.00010507403203519061,0.001094173057936132,0.0011586775071918964,0.9999988079071045
0.0214523000176996,1,0.25002434849739075,0.08033423870801926,-0.08613183349370956,-0.0006175481830723584,0.0006158715696074069,0.0005914299981668591,0.9999995231628418
0.01930720009841025,2,-0.7080841064453125,0.14495134353637695,-0.021174831315875053,-0.00015126672224141657,0.000906925240997225,0.0012056523701176047,0.999998927116394
0.019729800056666136,1,0.2500510513782501,0.08024449646472931,-0.08612992614507675,-0.0005243298364803195,0.0006811407511122525,0.00048383456305600703,0.9999995231628418
0.01907870010472834,2,-0.7080920934677124,0.14497552812099457,-0.021164853125810623,-0.00011967330647166818,0.0010512054432183504,0.0013852451229467988,0.9999985694885254
0.019447200000286102,1,0.2500409781932831,0.08022081851959229,-0.08614210784435272,-0.0006267667049542069,0.000592402764596045,0.0005059741670265794,0.9999995231628418
0.01972480001859367,2,-0.7080825567245483,0.14495617151260376,-0.02116050198674202,-0.0001331776729784906,0.0009904276812449098,0.0009481778251938522,0.9999990463256836
0.020257400115951896,1,0.24999040365219116,0.08030401170253754,-0.08615028858184814,-0.0006171503337100148,0.00045952777145430446,0.0005125019233673811,0.9999996423721313
0.01934769982472062,2,-0.708074152469635,0.1450035572052002,-0.02115938626229763,-8.27416151878424e-05,0.0012763133272528648,0.001409917022101581,0.9999982118606567
0.019760299939662218,1,0.25005438923835754,0.08027497678995132,-0.08610537648200989,-0.0006431190413422883,0.0005902718985453248,0.0004669064946938306,0.9999995231628418
0.02051139995455742,2,-0.7080813050270081,0.14495885372161865,-0.021178750321269035,-0.0001570542372064665,0.0010286594042554498,0.0013769754441455007,0.9999985694885254
0.021104099927470088,1,0.2500401437282562,0.08024769276380539,-0.08613359183073044,-0.0006571929552592337,0.0006903168396092951,0.0005310009000822902,0.9999994039535522
0.017909999936819077,2,-0.7080854773521423,0.14499154686927795,-0.021168401464819908,-0.00022563303355127573,0.0012721256352961063,0.0012509734369814396,0.9999984502792358
0.018349899910390377,1,0.2499881386756897,0.08028833568096161,-0.08614574372768402,-0.0005078911781311035,0.0005854998016729951,0.00029116880614310503,0.9999996423721313
0.02002270007506013,2,-0.7080888152122498,0.14502102136611938,-0.021164242178201675,-0.00019234209321439266,0.0012856919784098864,0.0013199382228776813,0.9999983310699463
0.020620200084522367,1,0.24998486042022705,0.0803007036447525,-0.08614689111709595,-0.0004927068366669118,0.0006021538283675909,0.0004547191201709211,0.9999996423721313
0.018411600030958652,2,-0.7080621719360352,0.14494751393795013,-0.02118752710521221,-0.00011881793761858717,0.0008603473543189466,0.001197259989567101,0.999998927116394
0.01869009993970394,1,0.2500342130661011,0.08028925955295563,-0.08612106740474701,-0.000665652914904058,0.0006256405031308532,0.0007109023281373084,0.9999994039535522
0.022464900044724345,2,-0.7080959677696228,0.14499762654304504,-0.02116740681231022,-0.00012517551658675075,0.0011317309690639377,0.0013479258632287383,0.9999984502792358
0.022995000006631017,1,0.2500346004962921,0.08027959614992142,-0.08609919995069504,-0.0006125788786448538,0.0005997003172524273,0.0005059401737526059,0.9999995231628418
0.017407300183549523,2,-0.7080878019332886,0.14498716592788696,-0.021170690655708313,-0.00021592355915345252,0.001330080209299922,0.0010989629663527012,0.9999985694885254
0.01768460008315742,1,0.24999868869781494,0.0803166851401329,-0.08615215867757797,-0.000456887180916965,0.0004922882071696222,0.0005099952686578035,0.9999996423721313
0.020617499947547913,2,-0.708083987236023,0.14499130845069885,-0.021175606176257133,-0.00015047819761093706,0.0011449570301920176,0.0012735857162624598,0.9999985694885254
0.02096009999513626,1,0.2500319182872772,0.08026616275310516,-0.08612973242998123,-0.0006607794784940779,0.0003922832547686994,0.0007307706400752068,0.9999995231628418
0.018775200005620718,2,-0.7080939412117004,0.14497102797031403,-0.02118307165801525,-7.513088348787278e-05,0.0009985589422285557,0.0013444256037473679,0.9999985694885254
0.019190300023183227,1,0.2500377297401428,0.08025491237640381,-0.08611393719911575,-0.0006772892083972692,0.0004568252188619226,0.0006102854968048632,0.9999995231628418
0.020334400003775954,2,-0.7080790400505066,0.1449846625328064,-0.021179737523198128,-0.0002056348603218794,0.0013047541724517941,0.0011731443228200078,0.9999984502792358
0.02093970007263124,1,0.2500048875808716,0.08032838255167007,-0.08612034469842911,-0.0004712734080385417,0.0005506907473318279,0.0005889174644835293,0.9999996423721313
0.01936579984612763,2,-0.7080471515655518,0.14502233266830444,-0.021157970651984215,-0.0001002672579488717,0.0009503510664217174,0.0007361700409092009,0.9999992847442627
0.019675999879837036,1,0.2500378489494324,0.08029129356145859,-0.08612348884344101,-0.0006230621947906911,0.0004939640057273209,0.0005258141900412738,0.9999995231628418
0.018917500041425228,2,-0.7080801129341125,0.1449522227048874,-0.021180517971515656,-5.1911640184698626e-05,0.0009746799478307366,0.00113318907096982,0.999998927116394
0.019586800131946802,1,0.250027596950531,0.0802607610821724,-0.08613601326942444,-0.0006280793459154665,0.0005690887337550521,0.0007513838354498148,0.9999994039535522
0.019945599837228656,2,-0.7081028819084167,0.14496083557605743,-0.021180469542741776,-0.00011138583067804575,0.0009287887369282544,0.0012816436355933547,0.9999988079071045
0.02035369980148971,1,0.25002437829971313,0.08028149604797363,-0.08612655103206635,-0.0005605204496532679,0.000658988778013736,0.0007475828751921654,0.9999994039535522
0.02107280003838241,2,-0.7080873250961304,0.14499399065971375,-0.021148283034563065,-0.00025465802173130214,0.0014184212777763605,0.001112830126658082,0.9999983310699463
0.02155930013395846,1,0.250026673078537,0.08028315752744675,-0.08613208681344986,-0.00044072457239963114,0.0006582395290024579,0.0006843837909400463,0.9999995231628418
0.0178829999640584,2,-0.7080968022346497,0.14499104022979736,-0.021161967888474464,-0.0002043081767624244,0.0011610148940235376,0.0011943011777475476,0.9999985694885254
0.018283999990671873,1,0.2500317096710205,0.08028997480869293,-0.0861344262957573,-0.0005211050156503916,0.0006050228257663548,0.000617068784777075,0.9999995231628418
0.018605699995532632,2,-0.708122730255127,0.14497919380664825,-0.021188247948884964,-0.00010667662718333304,0.0008696874720044434,0.00129212555475533,0.9999988079071045
0.018942900002002716,1,0.2500070631504059,0.08024995028972626,-0.08614367246627808,-0.0005652480758726597,0.0005755596794188023,0.0006723216501995921,0.9999995231628418
0.019489399855956435,2,-0.7080702781677246,0.14495894312858582,-0.021173274144530296,-0.00015213269216474146,0.0013409567764028907,0.0010477412724867463,0.9999985694885254
0.019807799952104688,1,0.2499876767396927,0.08027642965316772,-0.08614436537027359,-0.00048707096721045673,0.00055270193843171,0.0005824135732837021,0.9999996423721313
0.02300340007059276,2,-0.7080841660499573,0.1450231522321701,-0.021161407232284546,-0.00022105741663835943,0.0014374826569110155,0.0012372458586469293,0.9999982118606567
0.023435800103470683,1,0.25002768635749817,0.08029414713382721,-0.08614537119865417,-0.0004385093052405864,0.0006167427054606378,0.0006149763357825577,0.9999995231628418
0.01678349985741079,2,-0.7080992460250854,0.14496780931949615,-0.021188020706176758,-0.00014919816749170423,0.000937742181122303,0.0012387516908347607,0.9999988079071045
0.017055799951776862,1,0.25002187490463257,0.08027830719947815,-0.08612377196550369,-0.0005999430431984365,0.000616412959061563,0.0007131116581149399,0.9999994039535522
0.020454299869015813,2,-0.7080961465835571,0.14496611058712006,-0.021176988258957863,-0.00011813319724751636,0.0011167553020641208,0.0012813154608011246,0.9999985694885254
0.02078079991042614,1,0.250034362077713,0.08027375489473343,-0.08612140268087387,-0.0006278269574977458,0.0006013214588165283,0.0005905587458983064,0.9999995231628418
0.018748600035905838,2,-0.708073616027832,0.1449808031320572,-0.02118750847876072,-0.00014966104936320335,0.0013121399097144604,0.0011292261769995093,0.9999985694885254
0.019690199987962842,1,0.25004369020462036,0.08028585463762283,-0.08615981042385101,-0.00041600034455768764,0.0006390759954228997,0.0004938856582157314,0.9999996423721313
0.018671800149604678,2,-0.7080850601196289,0.14495433866977692,-0.021176882088184357,-0.00013316968397703022,0.0011020582169294357,0.00113632099237293,0.9999988079071045
0.01897490001283586,1,0.2500453591346741,0.08024303615093231,-0.08615338057279587,-0.0003593395813368261,0.0007652587373740971,0.0006893826648592949,0.9999994039535522
0.02148200012743473,2,-0.7081177830696106,0.14499233663082123,-0.021191593259572983,-7.166375144151971e-05,0.0007125305128283799,0.0014726908411830664,0.9999986886978149
0.021869400050491095,1,0.25001558661460876,0.08027737587690353,-0.08612977713346481,-0.0005334857269190252,0.0006477403221651912,0.0006738055380992591,0.9999994039535522
0.018150900024920702,2,-0.7080861330032349,0.144968181848526,-0.021170511841773987,-0.00023055687779560685,0.00104592798743397,0.0009754603379406035,0.999998927116394
0.018474899930879474,1,0.2500253915786743,0.08032085746526718,-0.08613613992929459,-0.00040395939140580595,0.0005999263958074152,0.0007049054838716984,0.9999995231628418
0.020515399985015392,2,-0.7080857753753662,0.14499817788600922,-0.021154597401618958,-0.0002134146634489298,0.0015004355227574706,0.001223075552843511,0.9999980926513672
0.020898800110444427,1,0.25008824467658997,0.08028775453567505,-0.08612213283777237,-0.00031133784796111286,0.0007203614804893732,0.0007045717793516815,0.9999995231628418
0.019837799947708845,2,-0.7081191539764404,0.1449543535709381,-0.021182900294661522,-0.00016966823022812605,0.000787329685408622,0.00117547158151865,0.9999990463256836
0.02025919989682734,1,0.25001364946365356,0.08027046918869019,-0.08615516126155853,-0.0004578170774038881,0.0005976291140541434,0.0005723166977986693,0.9999995231628418
0.018067500088363886,2,-0.7081102728843689,0.14499002695083618,-0.021154766902327538,-0.00023993573267944157,0.0009045570041052997,0.001154672121629119,0.999998927116394
0.018392300000414252,1,0.2500135600566864,0.08027849346399307,-0.08612457662820816,-0.0004897683975286782,0.0005587861523963511,0.0004929706337861717,0.9999996423721313
0.01971719996072352,2,-0.7081039547920227,0.14499589800834656,-0.021155430004000664,-0.00030616382719017565,0.001323532429523766,0.0011438869405537844,0.9999984502792358
0.020017100032418966,1,0.2500638961791992,0.08029202371835709,-0.08612532913684845,-0.00044013772276230156,0.0006006510811857879,0.0006351115880534053,0.9999995231628418
0.021050099981948733,2,-0.7080905437469482,0.14491674304008484,-0.021186085417866707,-0.00021808758901897818,0.0011831121519207954,0.0009713800973258913,0.9999988079071045
0.02160500013269484,1,0.2500723898410797,0.08027762919664383,-0.08612453937530518,-0.0004568372678477317,0.000748838298022747,0.0007060143980197608,0.9999994039535522
0.01930019981227815,2,-0.7081284523010254,0.14500531554222107,-0.021155735477805138,-0.00014652943355031312,0.000902248895727098,0.001482672756537795,0.9999985694885254
0.01978400000371039,1,0.25005921721458435,0.08024588227272034,-0.08609888702630997,-0.0007197209633886814,0.000630294147413224,0.0006567880627699196,0.9999994039535522
0.019203099887818098,2,-0.7080934643745422,0.1449987143278122,-0.021158549934625626,-0.00026636061375029385,0.0010647838935256004,0.0011311599519103765,0.9999988079071045
0.019522199872881174,1,0.250044584274292,0.0803077444434166,-0.0861450806260109,-0.0005238538724370301,0.0006492377142421901,0.0007072138832882047,0.9999994039535522
0.01887869997881353,2,-0.7080886363983154,0.14499233663082123,-0.021165909245610237,-0.0002887591836042702,0.0013881446793675423,0.0012159429024904966,0.9999983310699463
0.019180600065737963,1,0.25006163120269775,0.08028623461723328,-0.08611591905355453,-0.0005974625237286091,0.0006317166262306273,0.0007704227464273572,0.9999994039535522
0.021060700062662363,2,-0.708103597164154,0.14494964480400085,-0.02118486352264881,-0.00010539242794038728,0.0010564776603132486,0.0013440846232697368,0.9999985694885254
0.02149489987641573,1,0.2500341534614563,0.08026387542486191,-0.08610755205154419,-0.0006163173238746822,0.0006407498731277883,0.0007134791812859476,0.9999994039535522
0.019836900057271123,2,-0.7081000208854675,0.1449752151966095,-0.021163316443562508,-0.00015931508096400648,0.0009117638692259789,0.001235040370374918,0.9999988079071045
0.020338900154456496,1,0.25003206729888916,0.08031558990478516,-0.08612034469842911,-0.0005043036071583629,0.0006924972985871136,0.0006721253739669919,0.9999994039535522
0.01853599981404841,2,-0.7080986499786377,0.1450321525335312,-0.02114172652363777,-0.0002593433891888708,0.0013227133313193917,0.0012200857745483518,0.9999983310699463
0.019025699933990836,1,0.2500598132610321,0.08027409017086029,-0.08611980080604553,-0.0003578373871278018,0.000680049299262464,0.0006678809877485037,0.9999995231628418
0.01964589999988675,2,-0.7080884575843811,0.14493624866008759,-0.02118072099983692,-0.00020504776330199093,0.0011150325881317258,0.000988369807600975,0.999998927116394
0.0202029999345541,1,0.2500276267528534,0.08026979863643646,-0.0861452966928482,-0.00040571310091763735,0.0006156172603368759,0.0006842055590823293,0.9999995231628418
0.020288700005039573,2,-0.7081127166748047,0.14498844742774963,-0.021167758852243423,-0.0001870369160315022,0.001073650550097227,0.00136670283973217,0.9999984502792358
0.02089080004952848,1,0.25003746151924133,0.08025234937667847,-0.08612221479415894,-0.0006182519136928022,0.0006005290779285133,0.0006602880312129855,0.9999994039535522
0.020354999927803874,2,-0.7081027030944824,0.14502011239528656,-0.021150067448616028,-0.0001613659696886316,0.0012222868390381336,0.0012993521522730589,0.9999984502792358
0.020840900018811226,1,0.25002321600914,0.08028286695480347,-0.08613529801368713,-0.0005349196144379675,0.0006324371788650751,0.0005334852612577379,0.9999995231628418
0.018034399952739477,2,-0.708089292049408,0.145005002617836,-0.021161919459700584,-0.00025248259771615267,0.0011950526386499405,0.0011508935131132603,0.9999985694885254
0.018455700017511845,1,0.2500503659248352,0.08028024435043335,-0.08613713830709457,-0.0006122831255197525,0.0006081535248085856,0.0005546150496229529,0.9999995231628418
0.022197899874299765,2,-0.7081221342086792,0.14496232569217682,-0.021182209253311157,-0.00020441767992451787,0.0010669264011085033,0.0012323951814323664,0.9999986886978149
0.022688400000333786,1,0.25004684925079346,0.08022980391979218,-0.08611646294593811,-0.0006675940239802003,0.0006026691989973187,0.0006206227699294686,0.9999994039535522
0.01811839989386499,2,-0.7080934047698975,0.14496612548828125,-0.02116619236767292,-0.0002470875042490661,0.0011682789772748947,0.0010563210817053914,0.9999988079071045
0.01879410003311932,1,0.25002625584602356,0.08028167486190796,-0.08613564074039459,-0.0005149742355570197,0.0006069064838811755,0.0005556595860980451,0.9999995231628418
0.01933080004528165,2,-0.7081022262573242,0.145056813955307,-0.021147124469280243,-0.0001991176832234487,0.0011867708526551723,0.0012456749100238085,0.9999985694885254
0.019870799966156483,1,0.2500658929347992,0.08032398670911789,-0.08613495528697968,-0.0005544323939830065,0.0007205068250186741,0.0007173382909968495,0.9999994039535522
0.01743969996459782,2,-0.7081024646759033,0.1449756622314453,-0.021170834079384804,-0.00013075798051431775,0.001046198420226574,0.0011208232026547194,0.9999988079071045
0.017865800065919757,1,0.2500256597995758,0.08031915128231049,-0.08609568327665329,-0.000824020360596478,0.0006678509525954723,0.0006863418966531754,0.9999992847442627
0.01929909992031753,2,-0.708102285861969,0.14496536552906036,-0.02117571048438549,-0.00015887808694969863,0.001134758465923369,0.0011740209301933646,0.9999986886978149
0.0198448000010103,1,0.25000637769699097,0.08028870075941086,-0.08609612286090851,-0.0006338123348541558,0.0005862417747266591,0.0006520024035125971,0.9999994039535522
0.01937029999680817,2,-0.708103358745575,0.14500479400157928,-0.021161478012800217,-0.0001804828061722219,0.0009905899642035365,0.0011782945366576314,0.9999988079071045
0.019775299821048975,1,0.25004667043685913,0.08029218018054962,-0.08614212274551392,-0.00028262019623070955,0.0006734663620591164,0.0007029339903965592,0.9999995231628418
0.02137990016490221,2,-0.7081093192100525,0.14498813450336456,-0.021148141473531723,-0.00017099163960665464,0.0010359417647123337,0.001085046911612153,0.999998927116394
0.02200810005888343,1,0.250021755695343,0.080322265625,-0.08611790835857391,-0.0005962491268292069,0.0006013818783685565,0.0006364612490870059,0.9999995231628418
0.017517799977213144,2,-0.7081270813941956,0.14497928321361542,-0.021170970052480698,-0.00017157418187707663,0.000982154393568635,0.0013537004124373198,0.9999985694885254
0.017774400068446994,1,0.2500375509262085,0.0802878588438034,-0.08608939498662949,-0.0007241379353217781,0.0005838503711856902,0.0006908696959726512,0.9999994039535522
0.02040739986114204,2,-0.7080960273742676,0.144938126206398,-0.021186869591474533,-0.00021832178754266351,0.001388703240081668,0.001131138764321804,0.9999984502792358
0.020678600063547492,1,0.250042587518692,0.08028579503297806,-0.08610938489437103,-0.0006347131566144526,0.0005772244767285883,0.0006806932506151497,0.9999994039535522
0.020501899998635054,2,-0.7080947160720825,0.14501351118087769,-0.021163634955883026,-0.00023173114459495991,0.0013882359489798546,0.0012197225587442517,0.9999983310699463
0.02098359982483089,1,0.2500535547733307,0.08029336482286453,-0.08613360673189163,-0.0005938877002336085,0.0005415337509475648,0.0006164054502733052,0.9999995231628418
0.019490200094878674,2,-0.7080968022346497,0.14501239359378815,-0.021170388907194138,-0.00021746558195445687,0.001016385154798627,0.0013607757864519954,0.9999985694885254
0.01998670003376901,1,0.25000810623168945,0.08030226826667786,-0.08614341914653778,-0.0006191835273057222,0.0005627986392937601,0.0006147570675238967,0.9999995231628418
0.01868630014359951,2,-0.7080886363983154,0.14495790004730225,-0.02117655612528324,-0.00021019470295868814,0.001185949076898396,0.0013442013878375292,0.9999984502792358
0.01921209995634854,1,0.25004810094833374,0.08028329163789749,-0.0861063152551651,-0.000660186109598726,0.0005905054276809096,0.0006672559538856149,0.9999994039535522
0.019109700107946992,2,-0.7081001996994019,0.14499586820602417,-0.021174106746912003,-0.00021633980213664472,0.0014260008465498686,0.0013348025968298316,0.9999980926513672
0.019413300091400743,1,0.25006863474845886,0.0802929699420929,-0.08612778782844543,-0.0005704943905584514,0.0005975680542178452,0.0006216622423380613,0.9999995231628418
0.020020199939608574,2,-0.7080877423286438,0.14497001469135284,-0.021176038309931755,-0.0002544115122873336,0.001260993187315762,0.000983752659521997,0.9999986886978149
0.02032950008288026,1,0.2500045597553253,0.08031219989061356,-0.0861595943570137,-0.00040641342638991773,0.0005888571031391621,0.0005777755286544561,0.9999996423721313
0.02085079997777939,2,-0.7081314921379089,0.14501531422138214,-0.02114827372133732,-0.00019076654280070215,0.0009752620244398713,0.001477701822295785,0.9999984502792358
0.021481300005689263,1,0.2500433325767517,0.08024289458990097,-0.08612683415412903,-0.0006566839874722064,0.0005739482585340738,0.0007216681260615587,0.9999994039535522
0.01784689980559051,2,-0.7080934643745422,0.14494101703166962,-0.02118578366935253,-0.00024814982316456735,0.001032685162499547,0.0011053798953071237,0.9999988079071045
0.018218399956822395,1,0.2500808835029602,0.08026275038719177,-0.08614616841077805,-0.00047409965191036463,0.0007066031103022397,0.0007487272960133851,0.9999994039535522
0.020457400009036064,2,-0.7080956697463989,0.14499948918819427,-0.021171726286411285,-0.0001896488683996722,0.0014498437521979213,0.001099836197681725,0.9999983310699463
0.020839399890974164,1,0.2500556409358978,0.08032093197107315,-0.08612730354070663,-0.0006238759378902614,0.0006436618859879673,0.0006965423235669732,0.9999994039535522
0.02123449998907745,2,-0.7081195712089539,0.1450078785419464,-0.021174374967813492,-0.00010838989692274481,0.001111388555727899,0.0012195640010759234,0.9999986886978149
0.021711100125685334,1,0.2500232756137848,0.08031591773033142,-0.08613841235637665,-0.0005603758036158979,0.0006814433145336807,0.0007144591654650867,0.9999994039535522
0.017202100018039346,2,-0.7081098556518555,0.14496304094791412,-0.02116824872791767,-0.0002322120708413422,0.0010086551774293184,0.0011438968358561397,0.9999988079071045
0.017488099867478013,1,0.25003963708877563,0.08029412478208542,-0.086130790412426,-0.0006072276155464351,0.0006315794307738543,0.0006989843095652759,0.9999994039535522
0.019297200022265315,2,-0.708121657371521,0.1449926495552063,-0.02116476744413376,-0.00021116032439749688,0.0012658217456191778,0.0013035975862294436,0.9999983310699463
0.01958970003761351,1,0.2500787377357483,0.08028451353311539,-0.08610593527555466,-0.0005390684236772358,0.000715543981641531,0.0007703225710429251,0.9999992847442627
0.020152400014922023,2,-0.70808345079422,0.14491645991802216,-0.021192291751503944,-0.00019241083646193147,0.0012269604485481977,0.0008962168358266354,0.9999988079071045
0.020685800118371844,1,0.2500237226486206,0.08034087717533112,-0.08612600713968277,-0.0005751307471655309,0.000552599725779146,0.0008624317706562579,0.9999992847442627
0.020379999885335565,2,-0.7081098556518555,0.14498522877693176,-0.021169357001781464,-0.00017951019981410354,0.0010801558382809162,0.0012444115709513426,0.9999986886978149
0.020864499965682626,1,0.2500669062137604,0.08029492944478989,-0.08610599488019943,-0.0005300446064211428,0.0006654919125139713,0.0008492648485116661,0.9999992847442627
0.01974539994262159,2,-0.7081127166748047,0.14498986303806305,-0.021174641326069832,-0.0001394628343405202,0.001095313928090036,0.0013644412392750382,0.9999984502792358
0.020033400040119886,1,0.25006741285324097,0.08028633147478104,-0.0861000120639801,-0.0004846380325034261,0.0007398910238407552,0.0008335859747603536,0.9999992847442627
0.01952450000680983,2,-0.7080742120742798,0.14497019350528717,-0.021182505413889885,-0.00014755572192370892,0.0011959903640672565,0.0011503389105200768,0.9999986886978149
0.019898299826309085,1,0.2500244677066803,0.08033573627471924,-0.08610893785953522,-0.0005290813860483468,0.0005981281865388155,0.0007297229021787643,0.9999994039535522
0.02024920005351305,2,-0.7081041932106018,0.14497630298137665,-0.021178288385272026,-0.00017544628644827753,0.0011806567199528217,0.0011189955985173583,0.9999986886978149
0.02053980017080903,1,0.2500136196613312,0.08029214292764664,-0.08611861616373062,-0.000656748132314533,0.0005783560918644071,0.0007447926327586174,0.9999994039535522
0.019745999947190285,2,-0.708085298538208,0.14495979249477386,-0.021178968250751495,-0.00016154996410477906,0.0009622554644010961,0.00118720973841846,0.9999988079071045
0.02027280000038445,1,0.2500474452972412,0.08029965311288834,-0.08611739426851273,-0.0006485614576376975,0.0006376009550876915,0.0006393303046934307,0.9999994039535522
0.01886499999091029,2,-0.7081047296524048,0.1450226902961731,-0.021161817014217377,-0.00017666316125541925,0.0010834720451384783,0.0014128481270745397,0.9999984502792358
0.019428499974310398,1,0.2500458061695099,0.08032887428998947,-0.08609868586063385,-0.0006320381071418524,0.0006313190679065883,0.000767416728194803,0.9999992847442627
0.019012799952179193,2,-0.7080936431884766,0.14495328068733215,-0.02117030881345272,-0.00023620617866981775,0.00128650339320302,0.000985765946097672,0.9999986886978149
0.019415299873799086,1,0.2500144839286804,0.08033479005098343,-0.08613377064466476,-0.00039488598122261465,0.0006615425227209926,0.0007958659552969038,0.9999994039535522
0.020118399988859892,2,-0.7080797553062439,0.14494448900222778,-0.02119288593530655,-0.00017526003648526967,0.0010994606418535113,0.0012312160106375813,0.9999986886978149
0.02050280012190342,1,0.25007760524749756,0.08027100563049316,-0.08614752441644669,-0.00055593071738258,0.00070146843791008,0.0008794024470262229,0.9999992847442627
0.018617199966683984,2,-0.7080932855606079,0.14499126374721527,-0.02118721604347229,-0.00013115364708937705,0.0011103203287348151,0.0013658467214554548,0.9999984502792358
0.018908899975940585,1,0.2500552833080292,0.08028731495141983,-0.0861436277627945,-0.0007373251137323678,0.0006683440296910703,0.0008686889195814729,0.9999991655349731
0.019757299916818738,2,-0.708091139793396,0.14500504732131958,-0.021163195371627808,-0.000209617312066257,0.0012872691731899977,0.0012648053234443069,0.9999983310699463
0.020397699903696775,1,0.25002729892730713,0.08034458011388779,-0.08610919117927551,-0.0007132759201340377,0.0006010751822032034,0.0007950973231345415,0.9999992847442627
0.01927900011651218,2,-0.7081084251403809,0.1449888050556183,-0.021189184859395027,-0.0002590730437077582,0.001392243430018425,0.0012644767994061112,0.9999982118606567
0.02031729998998344,1,0.2500646412372589,0.08033598959445953,-0.08611340075731277,-0.0006180339260026813,0.000647091306746006,0.0006784007418900728,0.9999994039535522
0.019185699988156557,2,-0.7081016302108765,0.14492326974868774,-0.021211855113506317,-0.00011914122296730056,0.0012515939306467772,0.0010406109504401684,0.9999986886978149
0.019634900148957968,1,0.25003987550735474,0.08029208332300186,-0.08613849431276321,-0.0006988418172113597,0.000590876501519233,0.0007916127797216177,0.9999992847442627
0.019821299938485026,2,-0.7081098556518555,0.14502093195915222,-0.021158140152692795,-0.00012204766971990466,0.0009898508433252573,0.001350349746644497,0.9999985694885254
0.0201169999781996,1,0.2500242292881012,0.0802803784608841,-0.08613930642604828,-0.0005387038108892739,0.0005949785117991269,0.000776622211560607,0.9999994039535522
0.018766299821436405,2,-0.7080778479576111,0.1450020968914032,-0.021166527643799782,-0.00023568632605019957,0.001265200786292553,0.001298376708291471,0.9999983310699463
0.019076599972322583,1,0.25001540780067444,0.08031033724546432,-0.08612865954637527,-0.0005113453953526914,0.0005971990758553147,0.0007955583860166371,0.9999994039535522
0.01970799989067018,2,-0.7080729007720947,0.14497984945774078,-0.02119160257279873,-0.00018955579434987158,0.0011565712047740817,0.0012765132123604417,0.9999985694885254
0.01999119995161891,1,0.25005415081977844,0.08030392974615097,-0.08611772954463959,-0.00062314432580024,0.0006232349551282823,0.000888389884494245,0.9999992847442627
0.021634700009599328,2,-0.7080930471420288,0.14497429132461548,-0.021212385967373848,-0.00019084254745393991,0.0008547439356334507,0.0012068792711943388,0.999998927116394
0.022030600113794208,1,0.2500268220901489,0.080321304500103,-0.08612503111362457,-0.0005630019586533308,0.0006566036026924849,0.0006647530244663358,0.9999994039535522
0.020690899807959795,2,-0.7080665230751038,0.1449880599975586,-0.021176714450120926,-0.0002250391844427213,0.0012540142051875591,0.00120672513730824,0.9999984502792358
0.02111419988796115,1,0.24998676776885986,0.08032751828432083,-0.08614091575145721,-0.0004415888979565352,0.0005813863244839013,0.0005695581785403192,0.9999996423721313
0.01687250006943941,2,-0.7080988883972168,0.1450110524892807,-0.021162690594792366,-0.000195342639926821,0.001156266313046217,0.0014366323594003916,0.9999983310699463
0.017187099903821945,1,0.2500598728656769,0.08027447760105133,-0.08611808717250824,-0.0006692014285363257,0.0005546656320802867,0.000602572807110846,0.9999995231628418
0.019338299985975027,2,-0.7081025838851929,0.14492274820804596,-0.021204717457294464,-0.00018534909759182483,0.0011464793933555484,0.00111939269118011,0.9999986886978149
0.0196256001945585,1,0.2500091791152954,0.08031810820102692,-0.08613613992929459,-0.000577441300265491,0.0006904042675159872,0.0006592249847017229,0.9999994039535522
0.019892799900844693,2,-0.7080889940261841,0.14497219026088715,-0.021170930936932564,-0.0001289647916564718,0.0011886657448485494,0.0011147448094561696,0.9999986886978149
0.020154499914497137,1,0.2500215470790863,0.08033548295497894,-0.08609958738088608,-0.0005493951612152159,0.0006900692824274302,0.0005888804444111884,0.9999995231628418
0.01981520000845194,2,-0.7080880999565125,0.1450137346982956,-0.02116105519235134,-0.0002210327220382169,0.0012245995458215475,0.0013423556229099631,0.9999983310699463
0.020317000104114413,1,0.2500532567501068,0.08027782291173935,-0.08612912148237228,-0.0005272037233226001,0.0006592419813387096,0.0007096233312040567,0.9999994039535522
0.019090999849140644,2,-0.7080987691879272,0.14497026801109314,-0.02118562161922455,-0.00026210653595626354,0.001068768324330449,0.001233514049090445,0.9999986886978149
0.01936259982176125,1,0.2500496506690979,0.08024398982524872,-0.08612179756164551,-0.0005244815838523209,0.0006743110134266317,0.0006807373720221221,0.9999994039535522
0.01996050006709993,2,-0.7081085443496704,0.14497901499271393,-0.021192608401179314,-0.00015830094343982637,0.0009571344126015902,0.0011523287976160645,0.999998927116394
0.020258500007912517,1,0.25001004338264465,0.08029891550540924,-0.08611657470464706,-0.0005609830841422081,0.000660036108456552,0.0006586479721590877,0.9999994039535522
0.019816200016066432,2,-0.7080798149108887,0.14496667683124542,-0.021176239475607872,-0.00023615742975380272,0.001153609249740839,0.0008706989465281367,0.999998927116394
0.02021690015681088,1,0.25003209710121155,0.08034896105527878,-0.0861494243144989,-0.00036067055771127343,0.0006853326922282577,0.0006010124343447387,0.9999995231628418
0.01955239987000823,2,-0.7081009745597839,0.1450081467628479,-0.021156616508960724,-0.00017655055853538215,0.0009926260681822896,0.0013393574627116323,0.9999985694885254
0.019852799829095602,1,0.2500664293766022,0.08028034120798111,-0.08611121773719788,-0.0006009577191434801,0.0006451880908571184,0.0007174818892963231,0.9999994039535522
0.020101400092244148,2,-0.7080996036529541,0.14495131373405457,-0.02117639221251011,-0.00016344667528755963,0.0007745375041849911,0.0012489466462284327,0.999998927116394
0.020399500150233507,1,0.2500222623348236,0.08026484400033951,-0.0861293226480484,-0.0005324665689840913,0.0006562391063198447,0.000588757568039,0.9999995231628418
0.019861199893057346,2,-0.7080687284469604,0.14497220516204834,-0.02118103951215744,-0.0001837267482187599,0.0013441090704873204,0.0010926969116553664,0.9999985694885254
0.02020739996805787,1,0.2500167191028595,0.08032547682523727,-0.08614295721054077,-0.0005195935955271125,0.0005998422275297344,0.0006472078966908157,0.9999995231628418
0.019629399990662932,2,-0.7080925703048706,0.14500372111797333,-0.021161943674087524,-0.00018369517056271434,0.0011808499693870544,0.001160916406661272,0.9999986886978149
0.01993149984627962,1,0.250064879655838,0.08032232522964478,-0.08610381186008453,-0.0006593391299247742,0.0006245183176361024,0.0007454174337908626,0.9999992847442627
0.020384900039061904,2,-0.7080888152122498,0.1449536681175232,-0.021188432350754738,-0.00017289289098698646,0.0008552842773497105,0.0012736994540318847,0.9999988079071045
0.02080020005814731,1,0.2500319480895996,0.080302894115448,-0.08610725402832031,-0.0006055674166418612,0.0006242499221116304,0.0005953652434982359,0.9999995231628418
0.019687799969688058,2,-0.7080979943275452,0.1450193226337433,-0.021164534613490105,-0.00019248819444328547,0.001062628347426653,0.001382378046400845,0.9999984502792358
0.020026700105518103,1,0.2500150799751282,0.08029279112815857,-0.08611763268709183,-0.0005627365899272263,0.0006201913929544389,0.0006195081514306366,0.9999995231628418
0.01887280005030334,2,-0.7080643177032471,0.1449851095676422,-0.02118627540767193,-0.00033900272683240473,0.001307628583163023,0.0009947526268661022,0.9999985694885254
0.01924589998088777,1,0.24999819695949554,0.08033105731010437,-0.08617180585861206,-0.00040498466114513576,0.0006440439610742033,0.0007195841753855348,0.9999995231628418
0.020009799860417843,2,-0.7080934047698975,0.144981250166893,-0.02118777483701706,-0.00023333026911132038,0.0010496331378817558,0.0012317128712311387,0.9999986886978149
0.02054519997909665,1,0.25004300475120544,0.08028906583786011,-0.08611483126878738,-0.0006084296037442982,0.0006020395667292178,0.0008076602825894952,0.9999992847442627
0.019067900022491813,2,-0.708098292350769,0.14496910572052002,-0.021169304847717285,-0.00014240572636481375,0.0007897979812696576,0.001372251776047051,0.9999988079071045
0.019399699987843633,1,0.2500362992286682,0.08026538789272308,-0.08608543872833252,-0.0005593745736405253,0.000653930997941643,0.0006636502803303301,0.9999994039535522
0.020713600097224116,2,-0.7080802321434021,0.1449892669916153,-0.02115403674542904,-0.00024610027321614325,0.0011279047466814518,0.0010396988363936543,0.9999988079071045
0.021063100080937147,1,0.2500569522380829,0.0803414136171341,-0.08611683547496796,-0.00039605473284609616,0.0006549166282638907,0.000742398900911212,0.9999994039535522
0.01888439990580082,2,-0.7081108689308167,0.14501193165779114,-0.021182255819439888,-0.00020819806377403438,0.0010630082106217742,0.00121190189383924,0.9999986886978149
0.01928989985026419,1,0.25006169080734253,0.08030358701944351,-0.08612308651208878,-0.0005046360311098397,0.0006291320314630866,0.0007825348293408751,0.9999994039535522
0.019294900121167302,2,-0.7081006169319153,0.1449141949415207,-0.021188218146562576,-0.00018841521523427218,0.0007613401976414025,0.001078257104381919,0.9999991655349731
0.019691399997100234,1,0.2500024735927582,0.08025822043418884,-0.08612684160470963,-0.000649676367174834,0.0005027972511015832,0.0006401845021173358,0.9999995231628418
0.02042700001038611,2,-0.7080958485603333,0.14499332010746002,-0.021164819598197937,-0.00025146323605440557,0.0010671543423086405,0.001292305183596909,0.9999985694885254
0.020868099993094802,1,0.25003522634506226,0.08030717819929123,-0.08610192686319351,-0.0005534944939427078,0.0005294401198625565,0.0006578879547305405,0.9999995231628418
0.0198169001378119,2,-0.7080939412117004,0.14501187205314636,-0.02116319164633751,-0.00034486735239624977,0.0013119715731590986,0.0010840542381629348,0.9999985694885254
0.020248700166121125,1,0.2500561773777008,0.08033481985330582,-0.08610893040895462,-0.0005517267272807658,0.0005360034992918372,0.000724755460396409,0.9999995231628418
0.018686399795114994,2,-0.7080905437469482,0.14497308433055878,-0.021194905042648315,-0.00015295046614483,0.0009436293039470911,0.0011542788706719875,0.999998927116394
0.01903699990361929,1,0.25004222989082336,0.08030635863542557,-0.08610361069440842,-0.0006150430999696255,0.0005797977792099118,0.0007161397952586412,0.9999994039535522
0.019631800008937716,2,-0.7080901861190796,0.14497259259223938,-0.02119031921029091,-0.00018709641881287098,0.0008442981634289026,0.0012507716892287135,0.999998927116394
0.020002299919724464,1,0.25002580881118774,0.08025231957435608,-0.0861167162656784,-0.0005564510356634855,0.0005874301423318684,0.0006469565560109913,0.9999995231628418
0.02221120009198785,2,-0.7080796957015991,0.14496923983097076,-0.021153679117560387,-0.0003296092909295112,0.001336357556283474,0.0010184322018176317,0.9999985694885254
0.022635700181126595,1,0.2500555217266083,0.0802827924489975,-0.08613848686218262,-0.00046059058513492346,0.0005528267356567085,0.0005644299671985209,0.9999996423721313
0.01844289992004633,2,-0.7081055641174316,0.145015686750412,-0.021168962121009827,-0.0002392395108472556,0.0009417447727173567,0.0012345652794465423,0.9999988079071045
0.01889009983278811,1,0.2500411570072174,0.08031900227069855,-0.08613697439432144,-0.0005241085309535265,0.0006092696567066014,0.0006031262455508113,0.9999995231628418
0.017925100168213248,2,-0.7081015110015869,0.1449403613805771,-0.02119128219783306,-0.00017545089940540493,0.0007553312461823225,0.0010637446539476514,0.9999991655349731
0.018308000173419714,1,0.24999526143074036,0.0803007036447525,-0.08610878139734268,-0.0005949693731963634,0.000600101426243782,0.000712795474100858,0.9999994039535522
0.019232699880376458,2,-0.7080926299095154,0.1449693739414215,-0.02115352265536785,-0.00021988991647958755,0.001144022331573069,0.001191441435366869,0.9999986886978149
0.01951689994893968,1,0.2500273585319519,0.08029073476791382,-0.0860966295003891,-0.0004992209724150598,0.000598486396484077,0.0006613152218051255,0.9999995231628418
0.019948599860072136,2,-0.7080904841423035,0.1450006067752838,-0.021168269217014313,-0.0002296424499945715,0.0012077547144144773,0.0012488617794588208,0.9999984502792358
0.020360599970445037,1,0.24999843537807465,0.08029688894748688,-0.08613546192646027,-0.00033457158133387566,0.0006536481087096035,0.0007393685518763959,0.9999995231628418
0.020077799912542105,2,-0.7081176042556763,0.14496496319770813,-0.021180715411901474,-0.00017105930601246655,0.0010662208078429103,0.0011127040488645434,0.9999988079071045
0.02044009999372065,1,0.24996107816696167,0.08030514419078827,-0.08613034337759018,-0.0005146038602106273,0.0005693510756827891,0.0006599305779673159,0.9999995231628418
0.019214600091800094,2,-0.7081310153007507,0.14497710764408112,-0.02116934396326542,-0.00022430182434618473,0.0010560064110904932,0.001237916061654687,0.9999986886978149
0.019576200051233172,1,0.2500574290752411,0.0802948921918869,-0.08609756827354431,-0.0005567544721998274,0.0006617313483729959,0.0008395983604714274,0.9999992847442627
0.019337299978360534,2,-0.7080920338630676,0.14494973421096802,-0.02116594836115837,-0.0002721679920796305,0.001388757606036961,0.0009852119255810976,0.9999985694885254
0.019645499996840954,1,0.25004950165748596,0.08033010363578796,-0.08610961586236954,-0.00042323325760662556,0.0006642109947279096,0.0007610589964315295,0.9999994039535522
0.019573699915781617,2,-0.7081261873245239,0.14499083161354065,-0.02115491032600403,-0.00021120869496371597,0.0012406375026330352,0.0011960449628531933,0.9999985694885254
0.019846600014716387,1,0.25001633167266846,0.08029002696275711,-0.08611098676919937,-0.0004718137497548014,0.00057618273422122,0.0008287441451102495,0.9999994039535522
0.020544599974527955,2,-0.7081388831138611,0.1449093073606491,-0.021175026893615723,-0.00015150381659623235,0.0007528935675509274,0.0010614641942083836,0.9999991655349731
0.02110339980572462,1,0.24997539818286896,0.08030249923467636,-0.08614432066679001,-0.0004905238165520132,0.0005840901867486537,0.0007913747685961425,0.9999994039535522
0.019750300096347928,2,-0.7080857157707214,0.14499518275260925,-0.02116687409579754,-0.00025355853722430766,0.0013905026717111468,0.0011780428467318416,0.9999983310699463
0.020309900166466832,1,0.2500598132610321,0.08029929548501968,-0.08610996603965759,-0.0004971769521944225,0.0005511869676411152,0.0007895489688962698,0.9999994039535522
0.018611500039696693,2,-0.7081049680709839,0.14501327276229858,-0.0211615189909935,-0.00026037159841507673,0.0014015722554177046,0.001306844991631806,0.9999982118606567
0.019222700037062168,1,0.25006961822509766,0.08030340820550919,-0.08609016239643097,-0.00043043511686846614,0.0006403049337677658,0.0008075919467955828,0.9999994039535522
0.02135719987563789,2,-0.7081063389778137,0.1449606716632843,-0.021174101158976555,-0.00027114583645015955,0.0010979074286296964,0.0011233785189688206,0.9999988079071045
0.02171000000089407,1,0.24998274445533752,0.08029019832611084,-0.08612769842147827,-0.0004165833233855665,0.0006870406796224415,0.0006217786576598883,0.9999995231628418
0.01874969992786646,2,-0.7081050276756287,0.1450299769639969,-0.021165180951356888,-0.0001716775295790285,0.0011075445218011737,0.0013436370063573122,0.9999984502792358
0.019080600002780557,1,0.25000467896461487,0.08024662733078003,-0.08616036176681519,-0.00044467573752626777,0.0005801424267701805,0.0007375722634606063,0.9999995231628418
0.01984269986860454,2,-0.708065927028656,0.1449829488992691,-0.02118019014596939,-0.0002026428992394358,0.0012068634387105703,0.0011563177686184645,0.9999985694885254
0.020354599924758077,1,0.25000840425491333,0.08031059056520462,-0.08615468442440033,-0.00045282451901584864,0.0005797079065814614,0.0008240957977250218,0.9999994039535522
0.019183099968358874,2,-0.7080828547477722,0.14498402178287506,-0.02116505615413189,-0.00027319835498929024,0.0012860876740887761,0.0013877707533538342,0.9999982118606567
0.019557900028303266,1,0.24999579787254333,0.08032719045877457,-0.08610083162784576,-0.0005576747935265303,0.0005910747568123043,0.0007679113768972456,0.9999994039535522
0.02016559988260269,2,-0.7081059813499451,0.1449803113937378,-0.021174095571041107,-0.00017728110833559185,0.0009865659521892667,0.0013269142946228385,0.9999986886978149
0.020635399967432022,1,0.2500384747982025,0.08027316629886627,-0.086114302277565,-0.0005436706705950201,0.000629788264632225,0.0007619556272402406,0.9999994039535522
0.01900719990953803,2,-0.708100438117981,0.14498086273670197,-0.02117033116519451,-0.000229514975217171,0.001118841697461903,0.001140689360909164,0.9999986886978149
0.019369499990716577,1,0.2500503659248352,0.08028463274240494,-0.0861586406826973,-0.00029539153911173344,0.0007635898073203862,0.0008003599941730499,0.9999994039535522
0.018855300033465028,2,-0.7081095576286316,0.14500020444393158,-0.021158821880817413,-0.00024080454022623599,0.0011714324355125427,0.0012865925673395395,0.9999984502792358
0.01914110011421144,1,0.2500072419643402,0.08028716593980789,-0.08612469583749771,-0.00040505494689568877,0.0007057711482048035,0.0007227231981232762,0.9999994039535522
0.021791299805045128,2,-0.708091139793396,0.144948810338974,-0.02119383215904236,-0.000197653760551475,0.0010553342290222645,0.0012142834020778537,0.9999986886978149
0.022204899927601218,1,0.2500707507133484,0.08024409413337708,-0.0860973447561264,-0.00042781265801750124,0.0006921555032022297,0.00034662504913285375,0.9999996423721313
0.017387900035828352,2,-0.7080993056297302,0.14502455294132233,-0.02118157036602497,-0.00016501436766702682,0.0011521048145368695,0.0014076881343498826,0.9999983310699463
0.01877359999343753,1,0.25006812810897827,0.08030538260936737,-0.0861203521490097,-0.0006131863337941468,0.0006342855631373823,0.0006875890539959073,0.9999994039535522
0.02026079990901053,2,-0.7080981731414795,0.14500032365322113,-0.021167784929275513,-0.00022809274378232658,0.00117617123760283,0.0012246683472767472,0.9999985694885254
0.02089809998869896,1,0.25001275539398193,0.08031117916107178,-0.08613690733909607,-0.0005438374355435371,0.0006066613714210689,0.0007433299906551838,0.9999994039535522
0.01804440002888441,2,-0.7080785632133484,0.1449653059244156,-0.02117362804710865,-0.00020613189553841949,0.001185153261758387,0.0012784701539203525,0.9999984502792358
0.018413499929010868,1,0.2500031292438507,0.08026327192783356,-0.08613612502813339,-0.00046457507414743304,0.0005396315245889127,0.0007082309457473457,0.9999995231628418
0.020200900034978986,2,-0.7080937623977661,0.14497193694114685,-0.021175691857933998,-0.000191840052139014,0.0012147175148129463,0.0013980780495330691,0.9999983310699463
0.020533400122076273,1,0.25004637241363525,0.08021921664476395,-0.08613195270299911,-0.0005657798028551042,0.0005635822890326381,0.000832304242067039,0.9999994039535522
0.021299999905750155,2,-0.7080948948860168,0.14497514069080353,-0.021164150908589363,-0.0002031359326792881,0.001075855572707951,0.0011435991618782282,0.9999988079071045
0.021762299817055464,1,0.2499900609254837,0.08030956238508224,-0.08612755686044693,-0.0006595952436327934,0.0005715805455110967,0.0008345344685949385,0.9999992847442627
0.01790400012396276,2,-0.7080984711647034,0.1450270414352417,-0.021151332184672356,-0.0001972361351363361,0.0008941764244809747,0.0012761295074597,0.9999988079071045
0.01825960003770888,1,0.24996048212051392,0.0803203284740448,-0.08613172173500061,-0.0005560104036703706,0.0005714598810300231,0.0006765348953194916,0.9999995231628418
0.019042900064960122,2,-0.70808345079422,0.14494310319423676,-0.021170662716031075,-0.0002216248249169439,0.0010333680547773838,0.0012475671246647835,0.9999986886978149
0.019349500071257353,1,0.2500079870223999,0.08021201193332672,-0.08614771068096161,-0.000545247457921505,0.000509816687554121,0.0007356575224548578,0.9999995231628418
0.019536799984052777,2,-0.7081021070480347,0.14497339725494385,-0.021167945116758347,-0.00023652675736229867,0.0010725457686930895,0.0012469636276364326,0.9999986886978149
0.019833900034427643,1,0.2500181496143341,0.08023974299430847,-0.08614655584096909,-0.0006094793207012117,0.0005207218928262591,0.0006259625079110265,0.9999995231628418
0.022171400021761656,2,-0.7080980539321899,0.14501917362213135,-0.02116810344159603,-0.00016920454800128937,0.0009652150911279023,0.0012260258663445711,0.9999988079071045
0.02255150000564754,1,0.2499590367078781,0.08032170683145523,-0.08614417165517807,-0.0006215047906152904,0.0004770895466208458,0.0007683085277676582,0.9999994039535522
0.017648299923166633,2,-0.7080680131912231,0.14496932923793793,-0.021162858232855797,-0.000199864647584036,0.0012003228766843677,0.001205962966196239,0.9999985694885254
0.018029100028797984,1,0.2500024139881134,0.08029026538133621,-0.08612224459648132,-0.0005352312000468373,0.0005016846116632223,0.0007290301728062332,0.9999995231628418
0.01907989988103509,2,-0.7080522775650024,0.14498814940452576,-0.021165361627936363,-0.0001225419546244666,0.0007218275568448007,0.00088318350026384,0.9999994039535522
0.019577199826017022,1,0.2500491440296173,0.08024538308382034,-0.08611256629228592,-0.0005129458149895072,0.00045535829849541187,0.0007683698204346001,0.9999995231628418
0.019558400148525834,2,-0.7080815434455872,0.1449625939130783,-0.021169280633330345,-4.703750892076641e-05,0.0008027094299905002,0.0010156483622267842,0.9999991655349731
0.02002410008572042,1,0.24993884563446045,0.080307736992836,-0.08615560084581375,-0.0004933607997372746,0.00048551944200880826,0.0006638429476879537,0.9999995231628418
0.02091900003142655,2,-0.7080896496772766,0.1450139582157135,-0.021161090582609177,-0.00013995209883432835,0.0011047188891097903,0.001399621251039207,0.9999984502792358
0.021369100082665682,1,0.24999219179153442,0.08028701692819595,-0.08613868057727814,-0.0005711120902560651,0.0004785556229762733,0.0006615741294808686,0.9999995231628418
0.017659599892795086,2,-0.708083987236023,0.1449631303548813,-0.021166710183024406,-0.00024792682961560786,0.0010998797370120883,0.0012822882272303104,0.9999985694885254
0.01795369992032647,1,0.25006723403930664,0.08025999367237091,-0.08612827956676483,-0.0005942383431829512,0.0006011882214806974,0.0008482263656333089,0.9999992847442627
0.02033789991401136,2,-0.7080982327461243,0.1449662297964096,-0.021160423755645752,-0.0001672797807259485,0.0009723160183057189,0.001311112311668694,0.9999986886978149
0.02084050001576543,1,0.25004294514656067,0.0802777037024498,-0.08610028773546219,-0.000640915532130748,0.0006323178531602025,0.000815882405731827,0.9999992847442627
0.019677999895066023,2,-0.7081136703491211,0.1449996381998062,-0.02116444893181324,-0.00015862795407883823,0.0009011860238388181,0.001192260067909956,0.999998927116394
0.020102099981158972,1,0.249982088804245,0.08031592518091202,-0.08612331002950668,-0.0005846843123435974,0.0005914640496484935,0.0007936196634545922,0.9999994039535522
0.02143849991261959,2,-0.708071231842041,0.1449536681175232,-0.021174492314457893,-0.00017058631055988371,0.0010049573611468077,0.0010982739040628076,0.999998927116394
0.021894600009545684,1,0.2500113546848297,0.08027616143226624,-0.08615745604038239,-0.0005544268060475588,0.0005380565416999161,0.000592710159253329,0.9999995231628418
0.018011099891737103,2,-0.7080973386764526,0.14501047134399414,-0.021167529746890068,-0.00010181660036323592,0.0011317789321765304,0.0014983173459768295,0.9999982118606567
0.0186729000415653,1,0.25005513429641724,0.0802333801984787,-0.08613128960132599,-0.0006065975176170468,0.0005584318423643708,0.0006886273622512817,0.9999994039535522
0.019968400010839105,2,-0.7080855965614319,0.14498703181743622,-0.021190419793128967,-0.0001638283720239997,0.0012296716449782252,0.0013199533568695188,0.9999983310699463
0.020382999908179045,1,0.2500099837779999,0.08030477166175842,-0.08613143116235733,-0.0006125167710706592,0.0005871729226782918,0.0007610779721289873,0.9999994039535522
0.01826220005750656,2,-0.7080497741699219,0.1450023353099823,-0.021176304668188095,-8.479729876853526e-05,0.000792817329056561,0.000753870524931699,0.9999994039535522
0.01876290002837777,1,0.2500356435775757,0.08028928935527802,-0.08611847460269928,-0.0006245258264243603,0.0005299067706800997,0.0008057798258960247,0.9999994039535522
0.020594900008291006,2,-0.7080813646316528,0.14498208463191986,-0.02117585949599743,-3.388203549548052e-05,0.0011157635599374771,0.0012852501822635531,0.9999985694885254
0.021194499917328358,1,0.2500624358654022,0.08024425804615021,-0.0861407145857811,-0.0005163392634131014,0.0006274861516430974,0.0007602326804772019,0.9999994039535522
0.017763500101864338,2,-0.7080958485603333,0.14495128393173218,-0.021181369200348854,-9.643349039833993e-05,0.0010858705500140786,0.0012828465551137924,0.9999985694885254
0.01820190018042922,1,0.24998623132705688,0.0802442654967308,-0.08613734692335129,-0.00034599279752001166,0.0006566962110809982,0.0006171332788653672,0.9999995231628418
